book,author(s),original_language,first_published,approximate_sales_in_millions,amazon_link
A Tale of Two Cities,Charles Dickens,English,1859,200.0,https://www.amazon.com/Tale-Two-Cities-Charles-Dickens-ebook/dp/B004EHZXVQ/ 
The Little Prince (Le Petit Prince),Antoine de Saint-Exupéry,French,1943,200.0,https://www.amazon.com/little-Prince-Antoine-Saint-Exup%C3%A9ry/dp/0544656490/
Harry Potter and the Philosopher's Stone,J. K. Rowling,English,1997,120.0,https://www.amazon.com/Harry-Potter-Sorcerers-Stone-Book/dp/B017V4IMVQ/
And Then There Were None,Agatha Christie,English,1939,100.0,https://www.amazon.com/And-Then-There-Were-None-audiobook/dp/B00ENI0HUI/ 
Dream of the Red Chamber (紅樓夢),Cao Xueqin,Chinese,1791,100.0,https://www.amazon.com/Dreams-My-Father-Story-Inheritance/dp/B0992PZY9J/ 
The Hobbit,J. R. R. Tolkien,English,1937,100.0,https://www.amazon.com/The-Hobbit-J-R-R-Tolkien-audiobook/dp/B0099SNV7I/
"The Lion, the Witch and the Wardrobe",C. S. Lewis,English,1950,85.0,https://www.amazon.com/Lion-Witch-Wardrobe-Chronicles-Narnia/dp/B0009NS97Y/
She: A History of Adventure,H. Rider Haggard,English,1887,83.0,https://www.amazon.com/She-A-History-of-Adventure/dp/B004YZL0YM/
Vardi Wala Gunda (वर्दी वाला गुंडा),Ved Prakash Sharma,Hindi,1992,80.0,https://www.amazon.com/%E0%A4%B5%E0%A4%B0%E0%A5%8D%E0%A4%A6%E0%A5%80-%E0%A4%97%E0%A5%81%E0%A4%82%E0%A4%A1%E0%A4%BE-Vardi-Gunda-Hindi-ebook/dp/B08CY6F1DF/
The Da Vinci Code,Dan Brown,English,2003,80.0,https://www.amazon.com/Vinci-Code-Novel-Robert-Langdon-ebook/dp/B000FA675C/
Harry Potter and the Chamber of Secrets,J. K. Rowling,English,1998,77.0,https://www.amazon.com/Potter-Chamber-Secrets-Daniel-Radcliffe/dp/B0B8NFFMXG/ref=sr_1_1_sspa?crid=2HZBHAZ6ZIUE7&dib=eyJ2IjoiMSJ9.5k2O1riCsboIWzu6Wv1XHPD6ozAWqqbaa0598Epi7Uy2Jt5_ejZvu3Z7lRWR8pPTqXcTlQ7FdGy5KkfRRTFWltKuMAEwMALd6AK0-4PRTW5wM6-w9VgW-Xrb26djDKVXLezlYvp7VzO36PNZo33Y38Fh-ByobNAmW9uh0H1joQuWwVpuKc4PVmmVgncXhfjZBwgSCJsah3GNMncBrIBB2T9w5oeOLfxPsojNc6naoqE.RbUjPN7jbEzpc-LmhseaR-JJR_5MGd0dfZKFgN292GQ&dib_tag=se&keywords=Harry+Potter+and+the+Chamber+of+Secrets&qid=1731961065&sprefix=harry+potter+and+the+chamber+of+secrets%2Caps%2C138&sr=8-1-spons&sp_csd=d2lkZ2V0TmFtZT1zcF9hdGY&psc=1
Harry Potter and the Prisoner of Azkaban,J. K. Rowling,English,1999,65.0,https://www.amazon.com/Harry-Potter-Prisoner-Azkaban-Book/dp/B017V4NTFA/ref=sr_1_1?crid=G2K1TGVJ5BIR&dib=eyJ2IjoiMSJ9.8Vhg_0RXeIXaYXlXyDho-QvONWmkChvDn-SJGqsu6-iGZdEAjrIiGYocb8cY2qvzxrzIGt-kdUTxx6jT2f-2KYnJUahVLelGybRyz6lYdi0vLHdYZKY2i5M6O1G2l-m0h4eGnWEnJ-9tusjXnhfp_rIu6469lCWqCLdsYule95JTfb83hMk9_l00y5txHKmXs52mV37Uww098lvDCMsUfyR-4KpZdh95xGATekn_HvU.CNeAGt1twLP0YYvJQZ-dLFWjmfmwudVxUvSQsZ4mghw&dib_tag=se&keywords=Harry+Potter+and+the+Prisoner+of+Azkaban+book&qid=1731961137&sprefix=harry+potter+and+the+prisoner+of+azkaban+book%2Cinstant-video%2C85&sr=8-1
Harry Potter and the Goblet of Fire,J. K. Rowling,English,2000,65.0,https://www.amazon.com/Harry-Potter-Goblet-Fire-Book/dp/B017V4NQGM/ref=sr_1_1?crid=N1PRH16WVCTG&dib=eyJ2IjoiMSJ9.tuWYPjUPsKkNSPicEM4UBdLrkaswI7ZOJjQ5lkd_aMvqCgBiUBBayeJoi4lR_xQ_JJUIo1Boh7Vx1pn54fnHB2K7R5UcWX-w4jV5wc9BOKP2QQWOA4AP8dh7jt_66CWmIoJ_FH17FCWZbQ08AYk_sg.b9IwO9ldt-1vLBS1eiyJKaVCuW2nxcZ3oVyaOMnfYKI&dib_tag=se&keywords=Harry+Potter+and+the+Goblet+of+Fire&qid=1731961157&s=audible&sprefix=harry+potter+and+the+goblet+of+fire%2Caudible%2C108&sr=1-1
Harry Potter and the Order of the Phoenix,J. K. Rowling,English,2003,65.0,https://www.amazon.com/Harry-Potter-Order-Phoenix-Book/dp/B017V4NLJ4/ref=sr_1_1?crid=1RPPVY1TXU9DQ&dib=eyJ2IjoiMSJ9.H3V7fZ6gNZjlHDfkW1u0dv2RAHx1VWUxu0z23Q6A8IoHvzIbVJgRx9oH6A3VcJX3YjF5fWMLKn_QAiy8w7Lk2L7pBm-Ek0idYs1YsAlKCfo.FMyRxVclop0Nt9iMP2pFtsrsiI5ZYNlWm2LrAFd_dEM&dib_tag=se&keywords=Harry+Potter+and+the+Order+of+the+Phoenix&qid=1731961186&s=audible&sprefix=harry+potter+and+the+order+of+the+phoenix%2Caudible%2C121&sr=1-1
Harry Potter and the Half-Blood Prince,J. K. Rowling,English,2005,65.0,https://www.amazon.com/Harry-Potter-Half-Blood-Prince-Book/dp/B017V4NOEG/ref=sr_1_1?crid=728LLRMTQH9J&dib=eyJ2IjoiMSJ9.ex4DTc2F75VM5RvvFaLp7k64DV0sC4xiDB0PWsaUDhCM7AyCcma6ZC-4mqnePid6XhPmvMRpgAaxPIg0NJeBryd0cFZtll-8uLxKIRCCkPOnU9CvOpnb5rx7GyaMX2_H2DQYcVmMP1n0YHNxUPXJgw.xUaVzxBHjC4sAtOJPgjvTyP32FaT8iQFjf6zbyeEzDM&dib_tag=se&keywords=Harry+Potter+and+the+Half-Blood+Prince&qid=1731961201&s=audible&sprefix=harry+potter+and+the+half-blood+prince%2Caudible%2C79&sr=1-1
Harry Potter and the Deathly Hallows,J. K. Rowling,English,2007,65.0,https://www.amazon.com/Harry-Potter-Deathly-Hallows-Book/dp/B017WJ5PR4/ref=sr_1_1?crid=22ZE6MN7RLHA6&dib=eyJ2IjoiMSJ9.RW3dRQrr5dJpPYW5_BucKBt6w16UWnm0QSGjxD4o2kI572CQuCfar2NmwG92_ueT-fRFL2VZerGWwkhnBTrSVI0KCEPDujsh3S8X7WLKPv5-Yr6k2SYkBu-1Uqw7kaKi.Gg1Hlb7AXt8uMKNe57pAxbpouPeBooUAFxzL0k-Mwhw&dib_tag=se&keywords=Harry+Potter+and+the+Deathly+Hallows&qid=1731961213&s=audible&sprefix=harry+potter+and+the+deathly+hallows%2Caudible%2C114&sr=1-1
The Alchemist (O Alquimista),Paulo Coelho,Portuguese,1988,65.0,https://www.amazon.com/The-Alchemist-Paulo-Coelho-audiobook/dp/B000BO2D3C/ref=sr_1_2?crid=2K5O25RAE4WOP&dib=eyJ2IjoiMSJ9.elDXgUa9gVq84SXtSf5-BoDKL4KPr6SAX2Db8j56qWM.ikQjZnqdRMoPbfxeuodQ_e_y0ao6PwZ9NolKmPS8pd4&dib_tag=se&keywords=The+Alchemist+%28O+Alquimista%29&qid=1731961225&s=audible&sprefix=the+alchemist+o+alquimista+%2Caudible%2C90&sr=1-2
The Catcher in the Rye,J. D. Salinger,English,1951,65.0,https://www.amazon.com/Catcher-Rye-J-D-Salinger/dp/0316769177/ref=sr_1_1?crid=1T6I4195O91KV&dib=eyJ2IjoiMSJ9.UsuFzSj-YAZ885TwLHbV21F2VgPIgyOKsW5NJ6OFR146M8h0IS_QBoaj9nyzN3y-D7PR5LjVdPF63QaMXtHO1YXzUR-Wni3UI7XhjchReYge3b_23U-CZQ9wUb9irjeCugM4ZQ6twaWI2-1ybFErNBqn2kiJM_WvX5xXfItZPcYaTExkdfCoSTPwIZmgeiOOCHGrFg7cinsHtq2p9xPndBR5R-mEeJl4N-epXteARjY.CGy8DRTyy7Q4xZAmQDhwGVSPrC-atyOgleiQGMJ81Fo&dib_tag=se&keywords=The+Catcher+in+the+Rye&qid=1731961261&sprefix=the+catcher+in+the+rye%2Caudible%2C76&sr=8-1
The Bridges of Madison County,Robert James Waller,English,1992,60.0,https://www.amazon.com/Bridges-of-Madison-County-audiobook/dp/B00H7HS4QG/ref=sr_1_1?crid=16FJ6SCHV2WBV&dib=eyJ2IjoiMSJ9.UqEXiF-hkvi6ttHfhr44Q_BQ-xj_voPyQI137D5h7F91Lkfhk4T7ZK5_9R-AOxXrNcFKeOv_olzh6NR6pVVObXogo0M9SkzSGmNWwm-Ci-E5bmMU--0oYl9lOt4BJP34AhVb5rLozhfp_K3UL65pcmjBlHuePc_t_7kmflNEFmoojXKuyBfCXbQO3_dK1FiYwUauLUXtkQA-EFGayF35XTjzrU5hBsm6cQTsLy5K2k4.dMbxv0fKQ7uETo4v6pRpxmD2XgVgBORfhoykn0QULyQ&dib_tag=se&keywords=The+Bridges+of+Madison+County&qid=1731961278&sprefix=the+bridges+of+madison+county%2Caps%2C98&sr=8-1
Ben-Hur: A Tale of the Christ,Lew Wallace,English,1880,50.0,https://www.amazon.com/Ben-Hur-Lew-Wallace-audiobook/dp/B004UFXN8C/ref=sr_1_1?crid=39P53M0BW3BDR&dib=eyJ2IjoiMSJ9.RwG-FmSSD12Jmpt6oFX_cT-w_hDm-vTarr_SYMgKhgSYYA7dRVs0YBqvY0c-TOG5.Z3TPOdfdPlTjBpVPcLeny6iecyeDTL7dlLUeLlwav0A&dib_tag=se&keywords=Ben-Hur%3A+A+Tale+of+the+Christ&qid=1731961291&s=audible&sprefix=ben-hur+a+tale+of+the+christ%2Caudible%2C113&sr=1-1
You Can Heal Your Life,Louise Hay,English,1984,50.0,https://www.amazon.com/Heal-Your-Life-40th-Anniversary/dp/B0DDV328CW/ref=sr_1_1?crid=1AYV7EVZWO014&dib=eyJ2IjoiMSJ9.AdJZOxT0cKWXnfomjxAbjec3FWRY_GamD5uKYNgRvSfd3zMt7SDsY7Y2lfBMr3SDVoYvVERPJtScjkXBzYoo7m9996yOGnS0WBfy0el4oJXFrH0CGHUry54_PWll-FTfWzT91p_sCe3iAwcGxIbs5Qvzr8LqikeaY-BSSM-3bpt_vD3fzkN0k-8x6t9Zl74HKWXerxiypv4mS13daEDdv_YB9FV5ZC5M6n5YJCl7RmY.B_T81_zq9TyZZwc0wfhkZ3ZO_Na_r9NJ6IxxgdM_fbs&dib_tag=se&keywords=You+Can+Heal+Your+Life&qid=1731961303&s=audible&sprefix=you+can+heal+your+life%2Caudible%2C111&sr=1-1
One Hundred Years of Solitude (Cien años de soledad),Gabriel García Márquez,Spanish,1967,50.0,https://www.amazon.com/Cien-soledad-Hundred-Years-Solitude/dp/B08KFKXJ8S/ref=sr_1_1?crid=E9RRIPU5TW9A&dib=eyJ2IjoiMSJ9.jPHHsXe_-N5IPAP2yxgJqw.baaCpWjWGgUMFng4P4hfXruYkT65mtvUrVW9smAsr68&dib_tag=se&keywords=One+Hundred+Years+of+Solitude+%28Cien+a%C3%B1os+de+soledad%29&qid=1731961318&s=audible&sprefix=one+hundred+years+of+solitude+cien+a%C3%B1os+de+soledad+%2Caudible%2C93&sr=1-1
Lolita,Vladimir Nabokov,English,1955,50.0,https://www.amazon.com/Lolita-Vladimir-Nabokov-audiobook/dp/B000BKHEV2/ref=sr_1_1?crid=EQ5DGXYPXNCY&dib=eyJ2IjoiMSJ9.2CCcG1f0_DD-mEoKWzwUqjRUxnAkQWnh4j5Azs7cAi_q9em3EuLjqppq6Iv2ohv6Gvg0hngjUxv04V0405uDCfkqlGzHVt9th_w8KC0HGEeBp1yy08LhMSp-7EHdRFaFbpY5VNpnZIwktK4Lt82biBKXkJdl45qxq_8H2sL7a-tFzY00MD3JYGaIGLlM-DJZAdDLNX7EQydRidiIdfUKQJ64gjaz5ctuzO2JpS56_fQ.lU8aReJML-AVsyf99_d9peeeeJiGfb-ZbLi7RggaOG0&dib_tag=se&keywords=Lolita&qid=1731967867&s=books&sprefix=lolita%2Cstripbooks%2C92&sr=1-1
Heidi,Johanna Spyri,German,1880,50.0,https://www.amazon.com/Heidi-Johanna-Spyri-audiobook/dp/B000BY8RNW/ref=sr_1_1?crid=3S2FP1JID33AJ&dib=eyJ2IjoiMSJ9.byDk1YudQ0CJBCLKAQJ-zPtJIcyAJR8ekBqGz8gTzR0DDTwG79r3eRlF0X8B12qzNxXL4T85sBbyFC1AzYSTFeoirXdxE2SGKFedzEoOnX-h7kCY3W7RGBXQrmBY7KIZ7lf5mWXxJjSNcIhLi-s9pd1yjiGY7ORLcBRg0i18MN0VsTRfmdHjF-JvkmZQxaHFEmE0eUnp7kdioTFTdAHJEgwTqZ6J7ThwWSQF5W-pITQ.mQiIzF1x9K3IREEvyM3rZyCHqSxaHLtTHI3Whljdqew&dib_tag=se&keywords=Heidi&qid=1731967877&s=audible&sprefix=heidi%2Caudible%2C100&sr=1-1
The Common Sense Book of Baby and Child Care,Benjamin Spock,English,1946,50.0,https://www.amazon.com/Spocks-Baby-Child-Care-Tenth/dp/B07HB891D3/ref=sr_1_1?crid=R9GXCGPCRS1X&dib=eyJ2IjoiMSJ9.fiLvRTBH7I0M61t-MAfN8-j-fSuK8cx0C2L6rXwKlhYjHeisCwQUN75CW4UVR3jj3Hlsvruf97d5Xd9z3zM-ZxwbNE-metTIjbVyDasVlem7nxnlvPOLtHGYg66q3-0gOdDSFFEAvyG88_NM2lwN6wB4Hs_YAHvnKH337YurfPHX4XljJ4AZ817Lv5ndmhOU.Roy-sne7Nsf-pwu-SY3HJ60EJiCN-DYVFBpA928v3pw&dib_tag=se&keywords=The+Common+Sense+Book+of+Baby+and+Child+Care&qid=1731967888&s=audible&sprefix=the+common+sense+book+of+baby+and+child+care%2Caudible%2C110&sr=1-1
Anne of Green Gables,Lucy Maud Montgomery,English,1908,50.0,https://www.amazon.com/dp/055321313X
Black Beauty,Anna Sewell,English,1877,50.0,https://www.amazon.com/dp/0141321032
The Name of the Rose (Il Nome della Rosa),Umberto Eco,Italian,1980,50.0,https://www.amazon.com/dp/0544176561
The Eagle Has Landed,Jack Higgins,English,1975,50.0,https://www.amazon.com/Eagle-Landed-Liam-Devlin-Book-ebook/dp/B004RDKPMO/ref=sr_1_1?crid=1FHAL0TK0YSII&dib=eyJ2IjoiMSJ9.BnK4JODA-B_ols2tPaqr7vkYx99jD47AI2Tpma32dz141f5kEDA-tmJ55Qyk52wR7BXGD1W3iRH_TfyWnI6vvt3cQ29QUkfakpFq85AdVEYiFeQhLGZU6zcTaZlkntlxXZurlfwgGTAqLkNNCqmQ5_gxk9C8jWcYTgLeGpNLiVv08sdhviFvkRmD39E6qnJ-2scb2fH_KAe-q8JHbKlqdwYwX0F4YJtHjnp7y-CJmok.R9xT8yW8-Ry_DPK_yIj8paSEpNSLMff9ujzHRtCmfOE&dib_tag=se&keywords=the+eagle+has+landed+book&qid=1731968229&sprefix=the+eagle+has+landed+b%2Caps%2C113&sr=8-1
Watership Down,Richard Adams,English,1972,50.0,https://www.amazon.com/dp/0743277708
The Hite Report,Shere Hite,English,1976,50.0,https://www.amazon.com/Hite-Report-National-Female-Sexuality/dp/1583225692/ref=sr_1_1?crid=1UO3EVZ3KQJ6Q&dib=eyJ2IjoiMSJ9.68JusdHbX8GOjrZ8w0XKjku34ZItfPVVCfrVw3n8kfdrdCoUd8ACUasaLlpUCNr9t3ttS2Vkfhb_iazLQ834lrYdL7CF4k8xCpoaJDTmSYj_OdT0WFnMjzFJTwY8Jm0Jydd_uO1OsdgR4Sd8NoQ20HluMBf5bc05xV3QxeoRepVCLfPQ-9hE7HKDO_L4ZMSvQP49XMFWRxWjtwW24xRIvpNBbudIbuwWuaSVw4hiIoQ.595o6OUhAwZoNkEKNfG1DChl-vNffMdvlvikIXIYojA&dib_tag=se&keywords=The+Hite+Report&qid=1731968265&s=books&sprefix=the+hite+report%2Cstripbooks%2C87&sr=1-1
Charlotte's Web,E. B. White; illustrated by Garth Williams,English,1952,50.0,https://www.amazon.com/dp/0064400557
The Ginger Man,J. P. Donleavy,English,1955,50.0,https://www.amazon.com/Ginger-Man-J-P-Donleavy/dp/0802144667/ref=sr_1_1?dib=eyJ2IjoiMSJ9.EZ7y0P3AllpUSr31d-IDmAZbTUrUuxqHE-w_tkMCOOhwsgNjuAzd50MT_uH8G6v11TVLZuw-gM-jpw5zPI0V2O6VC6AiD07MgQlZ7Utsak8qp63aX-IlRt08GK0j0En_o1Cd3iECHudBhlcfDpJmaRGMUvKWnkKIo8lRnZXEC71BDhuKm1osI-W7UrJQMgHbtRcZp7pDrwcTNvizENk9E954dmadTGYOl0-eHkbyq4U.OqJMhJG968f0s9M8SOUXoIs6Um6NoTZJ54VOcSU9ubw&dib_tag=se&keywords=the+ginger+man&qid=1731968296&sr=8-1
The Tale of Peter Rabbit,Beatrix Potter,English,1902,45.0,https://www.amazon.com/dp/0723247706
Jonathan Livingston Seagull,Richard Bach,English,1970,44.0,https://www.amazon.com/dp/0743278909
The Very Hungry Caterpillar,Eric Carle,English,1969,43.0,https://www.amazon.com/dp/0399226907
A Message to Garcia,Elbert Hubbard,English,1899,40.0,https://www.amazon.com/Message-Garcia-Essential-Essays-Success/dp/1941129692/ref=sr_1_1?crid=2F4PUYPWUMLFK&dib=eyJ2IjoiMSJ9.U0G2zmQqnPs2Arh4sNGaPmVlBlHwia-ymx_bufXdtRowJg2OGnC3Lyc1likWEZJ7TS5zQEjpOVruEQ2m9tL1dABXXusHZkHufqaa2z46C1j6_VYAY5JChc5DynQDo_LIBhxZyaaOyOzqkbG4BCdL3GOLAOfXQtcHdUYe3nixFm1RqVgIE9mPjXyDohgKqWZ-P2QJmul7tHhZfcUqbMZj9iuqqAxemOVWhCGkMAtHmx0.ypCh1UuP6SRc3VufygW6pLCNnRwmxVxvwyP9dPCD2YQ&dib_tag=se&keywords=A+Message+to+Garcia&qid=1731968352&s=books&sprefix=a+message+to+garcia%2Cstripbooks%2C93&sr=1-1
To Kill a Mockingbird,Harper Lee,English,1960,40.0,https://www.amazon.com/dp/0060935464
Flowers in the Attic,V. C. Andrews,English,1979,40.0,https://www.amazon.com/Flowers-in-Attic-audiobook/dp/B07RK47YK1/ref=sr_1_1?crid=2H16XVDJ8Y7GV&dib=eyJ2IjoiMSJ9.UOQufxeS8xz5T3Wk2AlMu279nHQouxGaLqMyRw3Y7tdZ9nKQCzAzbzptpXfFPzi8QO2aLyXXrJ4u-mO9aByJLr6J5ZP4rCOoiLPowsfqYdaDnT9UZ0oTqD5Huiopdz3FFmDlYoT6LGGDRT--Fn3Bb-sw2aDarcc3I21jNq3WLiGw_OJjoI3fGbDHldOeMXL-MtF9fI_AujjNwNjpmhJiLbwlFVk2Mpb16Knmbxw3nXM.KYxeZEknlsEVCseEDeHWY9qQ_F5o_nV8vkfOTRVNsG8&dib_tag=se&keywords=Flowers+in+the+Attic&qid=1731968438&s=books&sprefix=flowers+in+the+attic%2Cstripbooks%2C166&sr=1-1
Cosmos,Carl Sagan,English,1980,40.0,https://www.amazon.com/Cosmos-Carl-Sagan-audiobook/dp/B06XTYCPST/ref=sr_1_1?crid=2HR0IS00OCHQF&dib=eyJ2IjoiMSJ9.PjbQ4XNSBpXqwEdZmo0hVlY-jj0kf5R7n9Hi7Fmjqrnm2PXjISIitbprb4zYsWLG_nTRrsnLroRjPs1rzpVzy82DeKH20W718dLpInr-qvWoE5DyeXGCO0DG2jM1rXfQBiSpzgVTB3kk2viNxAJ-R2ORjR0g4Zs63Z9iFjoth2SgILtygOfGgmcp2ZTRwgEyi9IrLoEbMFRFNLDkJN9Z9I9QOgQcScBmY9-_ecqhHNU.Lkxi7omL9y2CsH1qteBOxxLmggdIvv8_5X5g-LTqR04&dib_tag=se&keywords=Cosmos&qid=1731968456&s=audible&sprefix=cosmos%2Caudible%2C141&sr=1-1
Sophie's World (Sofies verden),Jostein Gaarder,Norwegian,1991,40.0,https://www.amazon.com/Sophies-World-Jostein-Gaarder-audiobook/dp/B000OZ0J0C/ref=sr_1_1?crid=1250TXESVTNJS&dib=eyJ2IjoiMSJ9.8e188ISDl8NQbL6kJVPKIQ.OU0YB-P8w3eqsQYB5n1kusp-E_gM9lkr5usjDg2T9os&dib_tag=se&keywords=Sophie%27s+World+%28Sofies+verden%29&qid=1731968482&s=audible&sprefix=sophie%27s+world+sofies+verden+%2Caudible%2C88&sr=1-1
Angels & Demons,Dan Brown,English,2000,39.0,https://www.amazon.com/Angels-Demons-Robert-Langdon/dp/0743486226
Kane and Abel,Jeffrey Archer,English,1979,37.0,https://www.amazon.com/Kane-Abel-Jeffrey-Archer/dp/125019959X/ref=sr_1_1?dib=eyJ2IjoiMSJ9.HqpijO5Lp88okAgKTreLLJR4wigVcHYs4arrPc7-4_5p-Ujc_WQE3RH0v-kUF623qr9fAk_AjJd2-k69di1K0rNxjq5nO6_cv7yhSN4HflHjUy1MpPar5Q07A-ABBk_q1MSshsQMNmdEpbnuBY_q2P9ujN-u4eQMILDuGRco2a5E0Lg-5pKIgJa_XHBxhuH3vh8a7S-FE8g3GqYiaHFpkdbxz5BV5t0y37sLBITDzyM.MzfC5eDSBVjk7ESe-FxhHx2b6o2BgVMCArxTlOgjpk4&dib_tag=se&keywords=Kane+and+Abel&qid=1731968535&sr=8-1
How the Steel Was Tempered (Как закалялась сталь),Nikolai Ostrovsky,Russian,1932,36.4,https://www.amazon.com/How-Steel-Was-Tempered-Part/dp/1775289036/ref=sr_1_1?dib=eyJ2IjoiMSJ9.MtLf2tr7s7fu_hePtARQwYrH1YCiCs3fP-SLkvM1DX1wytXYHARU0yiTBWOA3T7iN-yyRaTtFcSMaA2G4VN2YwtH9wzFpb2-3wZZNpO061PbG6Lrzfkgjrno2PI2nnhlvqxbtfCNh8ygbwnKffBNUITXoDHmgARXO0OrtTZ8572861xWUfcYRWWpGGY8GaECDb5XUl6-sOGZtjTSCWaQDFIWKkRu1t8bcqneViIu7Y0.XX4m5frEVbUSQ657ubkvkGD8pz4capz2thQCCj8JITs&dib_tag=se&keywords=How+the+Steel+Was+Tempered&qid=1731968562&sr=8-1
War and Peace (Война и мир),Leo Tolstoy,Russian,1869,36.0,https://www.amazon.com/War-Peace-Leo-Tolstoy/dp/0199232768
The Adventures of Pinocchio (Le avventure di Pinocchio),Carlo Collodi,Italian,1881,35.0,https://www.amazon.com/Adventures-Pinocchio-Avventure-English-Italian-Inglese-Italiano/dp/B0BD24W4MM/ref=sr_1_2?dib=eyJ2IjoiMSJ9.N5F9iJ0_1cuUQCkPleVjc52-wqNDaiUOLii4m-2lhS9cPE150brUILXTE1wqBM5SJcZYldikGelHZ8X1uD2KSGLGtoP_BiMWupEP-NuKgFTVRMQ5lJmufu9t5tbUaqh2prYtfNyD5E_tKTabVOSvVT9jddXps10wbhphC95Ynwu4VuTZ2FuFT2Qb29wZcxSYvViDzju-3gJKD_--xR0vxl8sp0-HcsNN2gQ_M-0PWXY.VseohZKcPhWk-O3OMSbS8rfOYyDlmuKzHEZOW52sAF4&dib_tag=se&keywords=The+Adventures+of+Pinocchio+%28Le+avventure+di+Pinocchio%29&qid=1731968600&sr=8-2
The Diary of Anne Frank (Het Achterhuis),Anne Frank,Dutch,1947,35.0,https://www.amazon.com/Diary-Young-Girl-Definitive/dp/0553577123/ref=sr_1_1?crid=PF5GPAFX40XC&dib=eyJ2IjoiMSJ9.WQZMa_WO2brzgw7ouYbCjlu79M8-MY1l9zMNhqUvy-UNtYGQxla53R9FQ5NYt7A0TLoS6Q_f7dY0vVO6pU-Hs0Yju3Us2kzfi5Xf-TWrTvxJnAj2j-RWely8E4dt7I37NcsGHi0H7Rrl_ukDLt_-JCP2XXR1BIMj7psalejR2Z8_W6uMpal_LHt6UOXO0gkry1cxlgPFuhT3178fv_m7Xv6wvWriLh-tZN_7P52Wp3M.7ksjGwxrkqUalsr7rOhXeG9DqJrHKbpa1aUkxZVhq2E&dib_tag=se&keywords=The+Diary+of+Anne+Frank+%28Het+Achterhuis%29&qid=1731968633&sprefix=the+diary+of+anne+frank+het+achterhuis+%2Caps%2C101&sr=8-1
Your Erroneous Zones,Wayne Dyer,English,1976,35.0,https://www.amazon.com/Your-Erroneous-Zones-audiobook/dp/B0000546LK/ref=sr_1_1?crid=1MX6SQP1CAN3D&dib=eyJ2IjoiMSJ9.vUhmTGod8NPRiw8yVqnZAdzQKUEcp1qeA9BcmfMUfpqTIkaAnnMfNnS1d51dUskRkNMWfH3Nme14lzXo8wNu6HNq3tYefXH5wlA0tbEKqWDMlhOfB_1rBpriWqGs3_dLhWbGhNqGtQNapeOe5KGW8x5gmqw5iUDZd_fNLtLyJueJr5JY9AfpbCatbVkvbTkq9xfRA-xFmnzTqAiOf6kKrtxXaRhLddVJGbibDgWaHW0.gJeV_EYLPJS2cnWkgj05_sRtUMj9jz_U0rNfXUDUZeM&dib_tag=se&keywords=Your+Erroneous+Zones&qid=1731968650&sprefix=your+erroneous+zones%2Caps%2C99&sr=8-1
The Thorn Birds,Colleen McCullough,English,1977,33.0,https://www.amazon.com/Thorn-Birds-Colleen-McCullough/dp/0380018179/ref=sr_1_2?dib=eyJ2IjoiMSJ9.oCb6z27i2_2EzVyILb3W4XaZmC75PE0c2pe_iTXC_YS3-XzNveMoyFq-cS5FwBdg_K287MaVyydeVrLKn86cXWoqMdZflBBiEiwWH4IxzdpctMuY11Ob7lkAWijyKLycf1beREy0h5NOET5LoekIEtH_9M-IrLUMJqiQcykAtJgreZL85W2EuIqSJg7Nfcb-5x8UKq8BRG7GAONFxDE7_xm-kg6Y6KGLFtLvL7_P8zg.HS-8AE_IHqD_ALnKa4SBTf71SwxNAnglmL6CqMFi3RQ&dib_tag=se&keywords=The+Thorn+Birds&qid=1731968700&sr=8-2
The Purpose Driven Life,Rick Warren,English,2002,33.0,https://www.amazon.com/Purpose-Driven-Life-What-Earth/dp/031033750X
The Kite Runner,Khaled Hosseini,English,2003,31.5,https://www.amazon.com/Kite-Runner-Khaled-Hosseini/dp/159463193X
Valley of the Dolls,Jacqueline Susann,English,1966,31.0,https://www.amazon.com/Valley-Dolls-Jacqueline-Susann/dp/0802125344
Alcoholics Anonymous Big Book,Bill Wilson,English,1939,30.0,https://www.amazon.com/Alcoholics-Big-Book/dp/1893007170/ref=sr_1_1?dib=eyJ2IjoiMSJ9.YHIkwMdvqCud-t1kLUkUGFgtV6GYuko1fyII8WgxLQ6shZ-jUXu3l8UVN57LyE4daVYXwNw4r-rGnhTPgeD0vWnLkLWnVBQieMIxSPkZs8yZt1EhLHeTU5w666vJvo6WXPt1cyvF4xKiXmY_fgfqH7lcBQqXD7NpUmpwXyqhGHbXeGjx9Z_wmPHuox9EynonROHPOSE7gV2GTh04LYLIAIwv5rB4GK-1xcjHlipTR6Q.4kMHSIqhblXFO0xX-JxFo26on4N27Uw5wP75zhHD1gs&dib_tag=se&keywords=Alcoholics+Anonymous+Big+Book&qid=1731968753&sr=8-1
How to Win Friends and Influence People,Dale Carnegie,English,1936,30.0,https://www.amazon.com/How-Win-Friends-Influence-People/dp/0671027034
The Great Gatsby,F. Scott Fitzgerald,English,1925,30.0,https://www.amazon.com/Great-Gatsby-Original-Fitzgerald-Classic/dp/B0BF3P5XZS/ref=sr_1_3?crid=1QLDWYPGFP6YH&dib=eyJ2IjoiMSJ9.oF-yws3iJXFTYaYx2asgP6af4XKKrYkTg9VQj5Spw-tiGj6gOmA5FpM_UQ_AW_f-j5UQeo9n1f7UNWpLBLytFodfLrfpLjVr2TYDgc0fAe8Crz6ISotQ_F_alSVHO8Qsaq5ExBvCNA8UoyzOZFXzgYoPozJMTC_aH4U0YayswthqWSdr3XJJs9Cjyqr7fiX1YbiqQ-9ZP-Ct8jaz9Pwi3--YuyIMGRd1WVvwSlGqmcE.p9A8hMIo6UiCtMQ8Mi4cH7CTLVeS6MfJ7z4o3mjje_Q&dib_tag=se&keywords=The+Great+Gatsby&qid=1731968853&s=books&sprefix=the+great+gatsby%2Cstripbooks%2C98&sr=1-3
Gone with the Wind,Margaret Mitchell,English,1936,30.0,https://www.amazon.com/Gone-Wind-Margaret-Mitchell/dp/1451635621
Rebecca,Daphne du Maurier,English,1938,30.0,https://www.amazon.com/Rebecca-Daphne-du-Maurier-ebook/dp/B0DCPNV119/ref=sr_1_1?crid=1B4IU4U6OV53A&dib=eyJ2IjoiMSJ9.4MI1dgG_P3L_gh2CZZS-oXt4GAzgZLzmVSi0hBxxVci7POMLNGO86uZS8pq__ehXxYVVvM8SXfO1dXNfUqtOdyLMUYy_Uyi98LP15GWE8Auu8rhnjSEh51NI7p8TZK_3zDeXRnczb9OMSGenTGDFy8qFAPJaOReZGx9GOSkbMZSWlHukvzbk-q-0ZD1sAvfkA_LqXo_a4zGmQrkBCzCbek7GJSc4xYfWVaWLk-XvgiI.N_tPIiNm0AcnjB0Ayyk5shpJMI4ALQmwUHWvSGe5yeU&dib_tag=se&keywords=Rebecca+book&qid=1731968896&s=books&sprefix=rebecca+book%2Cstripbooks%2C104&sr=1-1
Nineteen Eighty-Four,George Orwell,English,1949,30.0,https://www.amazon.com/1984-Signet-Classics-George-Orwell/dp/0451524934
The Girl with the Dragon Tattoo (Män som hatar kvinnor),Stieg Larsson,Swedish,2005,30.0,https://www.amazon.com/Girl-Dragon-Tattoo-Millennium/dp/0307454541
The Lost Symbol,Dan Brown,English,2009,30.0,https://www.amazon.com/Lost-Symbol-Robert-Langdon/dp/0307950689
The Hunger Games,Suzanne Collins,English,2008,29.0,https://www.amazon.com/Hunger-Games-Special-Edition-audiobook/dp/B07HHJ7669/ref=sr_1_3?crid=26JVZM99SKEM1&dib=eyJ2IjoiMSJ9._5vc56vf0xUR4IvbPXkD1LbVt-LvyAzI2nI1fJ2bD3urOayhBDS0sy_DQP39EudUYBciQoWlvkYx5Ga8wVpsOQ-PYKt6C8uCKNvkZzgobyhWNVw9fbCmFgIovyULeMOmDqviTJPfN6fas_7-5ZZWgfgpu83LfMv1FleomwJNKejMdc53Rkv5kmJiuQMscWhPQlVxSX2NQUhC56WH4Hr2MfPwHzuR1GiI51H0hpjOGqY.ehO4iwUIwmhRcvRwBD1Wq6XPm2LaLbFzLML4O16JJ3I&dib_tag=se&keywords=The+Hunger+Games&qid=1731968958&s=books&sprefix=the+hunger+games%2Cstripbooks%2C183&sr=1-3
James and the Giant Peach,Roald Dahl,English,1961,28.0,https://www.amazon.com/James-Giant-Peach-Roald-Dahl/dp/0142410365
The Young Guard (Молодая гвардия),Alexander Alexandrovich Fadeyev,Russian,1945,26.0,https://www.amazon.com/Young-Guard-Alexander-Fadeyev/dp/0898751292/ref=sr_1_1?crid=21S7LI86SGSEE&dib=eyJ2IjoiMSJ9.RoC5MxU4Uj9-No9Pjla6VsI1fOQcM37eRMD6XLa50tdmEFq5M8UgnlwxMtlhXdUpGsXGCcjXB7-BdsBmFrHuoJOG_lOt-FLRITXJ6BBB2tw4F_cnvQVN5MBqQ66d41kZ9TFiupEstuNkO7MvfNSCHdyUPHvPg7iu02nueabCnJ8_SV_hDhx3iI9oiH72Fuz_LzmA7qpcE1rhTOsOXj0DBqAC9aGGlrbFTH2kjdFewS4.TvHmseGKHLaqNBD8_qmWomemY0vfS60G2HTizmXxFS4&dib_tag=se&keywords=The+Young+Guard&qid=1731969008&s=books&sprefix=the+young+guard%2Cstripbooks%2C88&sr=1-1
Who Moved My Cheese?,Spencer Johnson,English,1998,29.0,https://www.amazon.com/Who-Moved-My-Cheese-Amazing/dp/0399144463
A Brief History of Time,Stephen Hawking,English,1988,25.0,https://www.amazon.com/Brief-History-Time-Stephen-Hawking/dp/0553380168
Paul et Virginie,Jacques-Henri Bernardin de Saint-Pierre,French,1788,25.0,https://www.amazon.com/Virginie-French-Jacques-Henri-Bernardin-Saint-Pierre-ebook/dp/B01MT04T2F/ref=sr_1_1?crid=1H15FA6PTQF85&dib=eyJ2IjoiMSJ9.ramAAPzsuzw51VcAlcp1SzPzsdtBTKXBZA6GKHh_f5WxavEjbI25RaBDJhMQAOBkVaCZZc2dljNVCCZBgK0g2wzb_5t_mdzZ6y6KSRTRERGfFpLKojBzKE8doDGKOjA1WPv2goKONc8RbICQdUN_ZFrjNCllWQZswgOKQqzIx45n7L9yH6hyE-bzcK59Ta5AubybjdCndOsH4a6LpqCII_gOK7eId7iMOCH3CoTjWGs.3szfvqUZFR_BamtlGJZDatKyHNpSYZNukAmXFMoy8l8&dib_tag=se&keywords=Paul+et+Virginie&qid=1731969053&s=books&sprefix=paul+et+virginie%2Cstripbooks%2C104&sr=1-1
Lust for Life,Irving Stone,English,1934,25.0,https://www.amazon.com/Lust-Life-Irving-Stone/dp/0452262496/ref=sr_1_1?crid=1OMTDML42GU8A&dib=eyJ2IjoiMSJ9.8J-IR5uSqozYQ5cL7kj__gZ3QsMMUYP9ygCjvVSSgCWWnSIikfh4mtPedX-OPOY1vJxz8ePZZn-v1duppyzDO96Z6iiSL-0c5CCoEgP-Sgdzw2oS9Ls0zSr32-uDsiceBSqfRxsPb91-l0wuw0A_fvm4WTvp_nfrxXo_Tjwvm2nQ9qHpYLTa2OYxeSiU3IJPhSBMsXXQnuQeutEnG4FYIkf8DZiMh_B4ExkPsMpGYS0.nskqe1AFSuIeTO6Eu7NPKP2CZP9fpWO9aW4bPlY6-e8&dib_tag=se&keywords=Lust+for+Life&qid=1731969040&s=books&sprefix=lust+for+life%2Cstripbooks%2C93&sr=1-1
The Wind in the Willows,Kenneth Grahame,English,1908,25.0,https://www.amazon.com/Wind-Willows-Kenneth-Grahame/dp/014132113X
The 7 Habits of Highly Effective People,Stephen R. Covey,English,1989,25.0,https://www.amazon.com/Habits-Highly-Effective-People-Powerful/dp/0743269519
Virgin Soil Upturned (Поднятая целина),Mikhail Sholokhov,Russian,1935,24.0,https://www.amazon.com/Virgin-Soil-Upturned-Book-One/dp/0898751136/ref=sr_1_2?crid=R6CTDXSD60P2&dib=eyJ2IjoiMSJ9.DVs2YyoCnXMwZaoaeoiQzZVK4qxIwWA57CtVXUyJuIrzpnX_MC6PobWmoP_YlEZ_Nljl2dWUgdQ9EigP0NN3hoVSED8GKoNZ2ehxb1NxPuSR9_gA18j6mJI6zPw2OXYsHU7y1XRzEMVeLwZ5IZuzmbN77eOHN3h9s6g3m8AT8Nj-8yUnH90wtZQhctYk66efyWsU7RycGZgvcL3tRy3EXA.6YoXWRUu0uRTrgjyr68e841InPSiuiZhKQWOi6KJg10&dib_tag=se&keywords=Virgin+Soil+Upturned&qid=1731969096&s=books&sprefix=virgin+soil+upturned%2Cstripbooks%2C89&sr=1-2
The Celestine Prophecy,James Redfield,English,1993,23.0,https://www.amazon.com/Celestine-Prophecy-James-Redfield/dp/0446671002
The Fault in Our Stars,John Green,English,2012,23.0,https://www.amazon.com/Fault-Our-Stars-John-Green/dp/014242417X
The Girl on the Train,Paula Hawkins,English,2015,23.0,https://www.amazon.com/Girl-Train-Paula-Hawkins/dp/1594634025
The Shack,William P. Young,English,2007,22.5,https://www.amazon.com/Shack-William-P-Young/dp/0964729237
The Godfather,Mario Puzo,English,1969,21.0,https://www.amazon.com/Godfather-Mario-Puzo/dp/0451205766
Love Story,Erich Segal,English,1970,21.0,https://www.amazon.com/Love-Story-Anniversary-Erich-Segal/dp/0062979477/ref=sr_1_1?crid=2AA3MDMMGP8UZ&dib=eyJ2IjoiMSJ9.MUYy7CCpiNoX4JhxQuBi_9KQpcTfV-Bt1e-9gAXxD8OuEPciZV-eusOktySpSplmQhDAznGCCIbA0f_ZygbRe43xUlUz4w0OxqTPhS3z34ItZAinV_Oxm29DgKomrdx_nUhgGP4pTI_2Q0m1EmGeV3EQBzfMEohDT_InOsdylIqYzjuU9Akd2IEy5xxRVdJkJjWXM2yzMfJT8jk2GmHKPA-8QO4vST8HQkYBz6eVhAE.VgBzVCcmbREOnHz5dhI3bymPi2yvV00ZV6vtPVuw-JQ&dib_tag=se&keywords=love+story+erich+segal&qid=1731969195&sprefix=Love+Story+er%2Caps%2C99&sr=8-1
Catching Fire,Suzanne Collins,English,2009,21.0,https://www.amazon.com/Catching-Fire-Hunger-Games-Book/dp/0439023491
Mockingjay,Suzanne Collins,English,2010,20.0,https://www.amazon.com/Mockingjay-Hunger-Games-Book-3/dp/0439023513
Kitchen (キッチン),Banana Yoshimoto,Japanese,1988,20.0,https://www.amazon.com/Kitchen-Banana-Yoshimoto-audiobook/dp/B011463SRA/ref=sr_1_1?crid=3JA2Q6Q2VMS5E&dib=eyJ2IjoiMSJ9.WuJrirhS_x_RKOQ7BpwLHte4d8Ps8o0PxzK5tICWeexsDUEp6NkN-wPCSCXQ_oN1JzTsmk11eevHFGjHMpA6NmhMhy09658oixn2qJr4MeIk-bIY9xSCY8BS2oYPo-5-_UK1tyaeVZIPJ-u2hrXyktn9IxzEXOSzR8MWWbUuHGFhi2ooVlLTXGP2wSptHpPpkRxCmoYo8Qr4msQoF3a5S8i8JpmX6P7-cHy8zc9QToQ.i8AAEFkni1VdnY7kwqy9sK0uS-GvCQSQmJfExrLbGxA&dib_tag=se&keywords=Kitchen&qid=1731969266&s=audible&sprefix=kitchen%2Caudible%2C120&sr=1-1
Andromeda Nebula (Туманность Андромеды),Ivan Yefremov,Russian,1957,20.0,https://www.amazon.com/Andromeda-Nebula-Ivan-Yefremov/dp/1497377730/ref=sr_1_1?crid=31PP6UHE4OLBD&dib=eyJ2IjoiMSJ9.RUd59SGnQlQz1L59Wf7_oGHLnrJl5zaJz3TbEvIWm-6IYYOMoAjB2CzaT0nCEjAAZw13DePcqzxeTYQM8SjEATOGlxtG4q2mCAf-xyE1l6B1d2zWolzmhQhc927a_qdNTYoxnxf1JoklxFEt3JXlojGZaHzh1wOHERKRx-16U5gwdcNifGJFfxdgwjDyev7twbUKcq3ojZ3A-gy69z1BQIOnhTEmwzYJtupKdTjCmHs.8mPPfWR6-F_dTiUNaGAJ0H7UzNDP2I5BrpWd3Srsti4&dib_tag=se&keywords=Andromeda+Nebula&qid=1731969251&s=audible&sprefix=andromeda+nebula+%2Caudible%2C90&sr=1-1-catcorr
Autobiography of a Yogi (योगी कथामृत),Paramahansa Yogananda,Hindi,1946,20.0,https://www.amazon.com/Autobiography-of-Yogi-Ben-Kingsley-audiobook/dp/B0006IU7LS/ref=sr_1_1?crid=1YQKQ3C34ZQOA&dib=eyJ2IjoiMSJ9.JWkEsunxvQv4ZLblIUyE311ZGOkry5G3Rzh5Bn49n_N_MBLsK8gam6s_F12rAd3zwgAAuEkHlIahSqpyLARMThNANZeIwcQOvql-65wEhP-NZ3XK9RfP09yK7HaYbUVeoAR60WFO00Rw32EBc-8tZNCUB5gAy4AIQEa7t9PXLuHQa-liYe30UsSKumy4L3WkAF4PKGutmjuBtTewS4JgY2G7QBa_4y5ZDDn_0qmrtyM.iIUdpvsicmki7JTtfbPllotFdFTDRw9hUkzKYII8EqA&dib_tag=se&keywords=autobiography+of+a+yogi&qid=1731969236&s=books&sprefix=autobiography+of+a+yog%2Cstripbooks%2C88&sr=1-1
Gone Girl,Gillian Flynn,English,2012,20.0,https://www.amazon.com/Gone-Girl-Gillian-Flynn/dp/0307588378
All Quiet on the Western Front (Im Westen nichts Neues),Erich Maria Remarque,German,1929,20.0,https://www.amazon.com/All-Quiet-Western-Front-Remarque/dp/0449213943
The Bermuda Triangle,Charles Berlitz,English,1974,20.0,https://www.amazon.com/Bermuda-Triangle-Charles-Berlitz/dp/B002BQCHUM/ref=sr_1_1?crid=3MFPZVV0W68Y4&dib=eyJ2IjoiMSJ9.LHEiBouc-SHU74Gi_2GQ5R1SJt7-s4x11a-rxXrwrGfMT5O1tggrRaHBsKbHKX7i80b_NlVIulC8LYjqkIVPq9DrQlmSK_1DWUy8oOtpWTapulLJvv6B3Rphiq2Rqh_AY4NHDTjbRF7ATXlSDemqx1BPL42NbVTzaumSqfjqaxS74itW2o1PziDRplt-TO0QTM3Dwd8S_X1Y0BJ8_MU32Ptlqi361dLrlhVe-Az5wjY.vw1-PEF5pcCijXvAAc6lzH_zKoWx114tqBgjewXcz_4&dib_tag=se&keywords=the+bermuda+triangle+charles&qid=1731969317&s=books&sprefix=the+bermuda+triangle+charkes%2Cstripbooks%2C114&sr=1-1
Things Fall Apart ,Chinua Achebe,English,1958,20.0,https://www.amazon.com/Things-Fall-Apart-Chinua-Achebe/dp/0385474547
Animal Farm ,George Orwell,English,1945,20.0,https://www.amazon.com/Animal-Farm-George-Orwell/dp/0451526341
Wolf Totem (狼图腾),Jiang Rong,Chinese,2004,20.0,https://www.amazon.com/Wolf-Totem-Jiang-Rong-audiobook/dp/B001QKBHTG/ref=sr_1_1?crid=23GXFLE22DOXI&dib=eyJ2IjoiMSJ9.jt6gUZNm6Jrf3VWh9tkwDipreHF23K_g-8JqeilrgQEjS6KszPcGyx-3krcb1z_x57pwUaalMSdFLiU8kZ1LBAF6xZUzkEPF2lEzx0C7oJm4uc5inyH44r3r8VIoGBQwTdV3cuJAyj4rgj5frtL6pcN-w7aGlK7PECPoOVzbksNjvMyZAR14PwDK8tZ2j1RqoQX2LaGmftm0-dgIP8_nPayvFtxcMPoXfnwHAt3flKY.PllwUt2vF5n6ZEv9OFHkIKxXDSjXdF4wbB07ZATCy9o&dib_tag=se&keywords=Wolf+Totem&qid=1731969369&s=books&sprefix=wolf+totem%2Cstripbooks%2C108&sr=1-1
The Happy Hooker: My Own Story,Xaviera Hollander,English,1971,20.0,https://www.amazon.com/Happy-Hooker-My-Own-Story/dp/0060014164/ref=sr_1_1?crid=1UH7VED0HWJPF&dib=eyJ2IjoiMSJ9.hYIR7yKmkZqYsuV35DftqR2dibnSkRIhlVi6pi1xM0zGjHj071QN20LucGBJIEps.g90Nc1YLPkxGr2ogs91Lp-ODQnLOtkd32S8KvtBL-ZI&dib_tag=se&keywords=The+Happy+Hooker%3A+My+Own+Story&qid=1731969352&s=books&sprefix=the+happy+hooker+my+own+story%2Cstripbooks%2C93&sr=1-1
Jaws,Peter Benchley,English,1974,20.0,https://www.amazon.com/Jaws-Peter-Benchley/dp/0345544145
Love You Forever,Robert Munsch,English,1986,20.0,https://www.amazon.com/Love-You-Forever-Robert-Munsch/dp/0920668372
The Women's Room,Marilyn French,English,1977,20.0,https://www.amazon.com/Womens-Room-Novel-Marilyn-French/dp/0143114506/ref=sr_1_1?crid=123NK4QTBQ38A&dib=eyJ2IjoiMSJ9.Xneh2NfZUQiYF47eolnEGg1qFAn0Md8jNpS_2r_nAVfrdd7mcB_33ylCaINFMSV7dIf8hp8JV5wUPQQQwu9SDxMaXlR4CiwoGhbvvUL7APXc3692L2Cf4le7bptkbwqVcOKrpV598p1r2uJiYyreo-by-S8o_Bt65TnPiQMdEBW_rJeK9AFrTf3XZcbPMhiZsLQJDxvYUg5-O5dPT5EVcxrEghAXqxPStSgOF0oqCwk.3jeJj9Zx4V7mbFW23LeXqdOXB1i3I1x9PgaY3Bore0E&dib_tag=se&keywords=The+Women%27s+Room&qid=1731969412&s=books&sprefix=the+women%27s+room%2Cstripbooks%2C100&sr=1-1
What to Expect When You're Expecting,Arlene Eisenberg and Heidi Murkoff,English,1984,20.0,https://www.amazon.com/What-Expect-When-Youre-Expecting/dp/0761187480/ref=sr_1_1?crid=DMHYGJRRP9DJ&dib=eyJ2IjoiMSJ9.BeXToR9t29YpZWyy4mW34-hqMwLqRWxMRZxuMKdDygcNyrgDboZlQfZnRZtfEamML4WKyEtpLVaUCtsh-3ZVeJxHWyVJFUERV8B9fRUiDbZUOweruy_gxVZFjaVdUQWfx_fnfMBtq19k7_EH-_BA6AEN4SD1jnh5bbPTc5clgffsPpleZM6jGvDZmOB5X2R_5_QaCoxOhcNDkzafA2zksk5Yj3YJt5YDooVaiPna9cc.LDMJC4NX9mdF_M55teYnik52S2Kz4OHbhUvxJHErbIM&dib_tag=se&keywords=What+to+Expect+When+You%27re+Expecting&qid=1731969429&s=books&sprefix=what+to+expect+when+you%27re+expecting%2Cstripbooks%2C106&sr=1-1
Adventures of Huckleberry Finn,Mark Twain,English,1885,20.0,https://www.amazon.com/Adventures-Huckleberry-Finn-Mark-Twain/dp/0486280616
"The Secret Diary of Adrian Mole, Aged 13¾",Sue Townsend,English,1982,20.0,https://www.amazon.com/Secret-Diary-Adrian-Mole-Aged/dp/0060533994
Pride and Prejudice,Jane Austen,English,1813,20.0,https://www.amazon.com/Pride-Prejudice-Jane-Austen/dp/1503290565
Kon-Tiki: Across the Pacific in a Raft (Kon-Tiki ekspedisjonen),Thor Heyerdahl,Norwegian,1950,20.0,https://www.amazon.com/Kon-Tiki-Across-Pacific-Thor-Heyerdahl/dp/0671726528
The Good Soldier Švejk (Osudy dobrého vojáka Švejka za světové války),Jaroslav Hašek,Czech,1923,20.0,https://www.amazon.com/Good-Soldier-Svejk-Jaroslav-Hasek/dp/0140449914
Where the Wild Things Are,Maurice Sendak,English,1963,20.0,https://www.amazon.com/Where-Wild-Things-Maurice-Sendak/dp/0064431789
The Power of Positive Thinking,Norman Vincent Peale,English,1952,20.0,https://www.amazon.com/Power-Positive-Thinking-Norman-Vincent/dp/0743234804
The Secret,Rhonda Byrne,English,2006,20.0,https://www.amazon.com/Power-Positive-Thinking-Norman-Vincent/dp/0743234804
Fear of Flying,Erica Jong,English,1973,20.0,https://www.amazon.com/Fear-Flying-Erica-Jong/dp/045120994X
Dune,Frank Herbert,English,1965,20.0,https://www.amazon.com/Dune-Frank-Herbert/dp/0441172717
Charlie and the Chocolate Factory,Roald Dahl,English,1964,20.0,https://www.amazon.com/Charlie-Chocolate-Factory-Roald-Dahl/dp/0142410314
The Naked Ape,Desmond Morris,English,1968,20.0,https://www.amazon.com/Naked-Ape-Zoologists-Study-Animal/dp/0385334303
Where the Crawdads Sing,Delia Owens,English,2018,18.0,https://www.amazon.com/Where-Crawdads-Sing-Delia-Owens/dp/0735219109
"Totto-chan, the Little Girl at the Window (窓ぎわのトットちゃん)",Tetsuko Kuroyanagi,Japanese,1981,18.0,https://www.amazon.com/Totto-chan-Little-Girl-Window/dp/4770020678
Matilda,Roald Dahl,English,1988,17.0,https://www.amazon.com/Matilda-Roald-Dahl/dp/0142410373
The Book Thief,Markus Zusak,English,2005,16.0,https://www.amazon.com/Book-Thief-Markus-Zusak/dp/0375842209
The Horse Whisperer,Nicholas Evans,English,1995,16.0,https://www.amazon.com/Horse-Whisperer-Nicholas-Evans/dp/0440222656
Goodnight Moon,Margaret Wise Brown,English,1947,16.0,https://www.amazon.com/Goodnight-Moon-Margaret-Wise-Brown/dp/0064430170
The Neverending Story (Die unendliche Geschichte),Michael Ende,German,1979,16.0,https://www.amazon.com/Neverending-Story-Michael-Ende/dp/0140386335
All the Light We Cannot See,Anthony Doerr,English,2014,15.3,https://www.amazon.com/All-Light-We-Cannot-See/dp/1501173219
Fifty Shades of Grey,E. L. James,English,2011,15.2,https://www.amazon.com/Fifty-Shades-Grey-Book-Trilogy/dp/0345803485
The Outsiders,S. E. Hinton,English,1967,15.0,https://www.amazon.com/Outsiders-S-Hinton/dp/014240733X
Guess How Much I Love You,Sam McBratney,English,1994,15.0,https://www.amazon.com/Guess-How-Much-Love-You/dp/0763642649
Shōgun,James Clavell,English,1975,15.0,https://www.amazon.com/Sho%CC%84gun-Part-One-Asian-Saga/dp/B0CPYTHP9J/ref=sr_1_3?dib=eyJ2IjoiMSJ9.MAUPmEqnWPyvb1QPCPTDhe8YWF6tTDmHBtpoLHcfzy2pH73a2EyJNoifpgMcaozTFsMEw7F47IFheWKwWeu4URXz5B6YeEASQDQFDs1lfDzi91x-ftE2W8jzc00IGhEh0bcS42gumH0MlIqz4nu-a-jtENye2zXD7w1YIIQiLNq5OgbnWNKHCXNXDUJtfEFuPmoRfIusElZ_9duBjyOFxSxGy29ThIImjdZxu7YQHXc.u4kRwKKREwOooSBoCTJ0DfrsNoSPDVBpu1hgmPO6ba0&dib_tag=se&keywords=Sh%C5%8Dgun&qid=1731969684&sr=8-3
The Poky Little Puppy,Janette Sebring Lowrey,English,1942,15.0,https://www.amazon.com/Poky-Little-Puppy-Golden-Book/dp/0307021343
The Pillars of the Earth,Ken Follett,English,1989,15.0,https://www.amazon.com/Pillars-Earth-Ken-Follett/dp/0451166892
Perfume (Das Parfum),Patrick Süskind,German,1985,15.0,https://www.amazon.com/Perfume-Story-Murderer-Patrick-Suskind/dp/0375725849
The Grapes of Wrath,John Steinbeck,English,1939,15.0,https://www.amazon.com/Grapes-Wrath-John-Steinbeck/dp/0143039431/ref=sr_1_1?crid=1YKSG9TN11F4X&dib=eyJ2IjoiMSJ9.dTs1QcKidgSMHYoPjYwIjKeH51BBQdgpzb-mah4MZjME_ZMYIb8A04duo61y7wx1waMPSOlXdfIf0dGgHZryJYOfnsJgg_yx7oFjH5Ty5bmnez7DYavokhmpfNH3HGEseLsXIrpvBTB7XY_xNbgB2y2zMVAWZcZUpjk92GK1S0XmPk1ebcZ6BQkt47feBK4x4gpPhpM_Xp-KZxMl5tQPhnB_t0P4Zs6jq-h_Vd-wNQg.NlaswcNKGDQu4BfOd45lZsW1IrP8Y5viQG4pySe4fNo&dib_tag=se&keywords=The+Grapes+of+Wrath&qid=1731969749&s=books&sprefix=the+grapes+of+wrath%2Cstripbooks%2C90&sr=1-1
The Shadow of the Wind (La sombra del viento),Carlos Ruiz Zafón,Spanish,2001,15.0,https://www.amazon.com/Shadow-Wind-Carlos-Ruiz-Zafon/dp/0143034901
Interpreter of Maladies,Jhumpa Lahiri,English,2000,15.0,https://www.amazon.com/Interpreter-Maladies-Jhumpa-Lahiri/dp/039592720X
Becoming,Michelle Obama,English,2018,14.0,https://www.amazon.com/Becoming-Michelle-Obama/dp/1524763136
The Hitchhiker's Guide to the Galaxy,Douglas Adams,English,1979,14.0,https://www.amazon.com/Hitchhikers-Guide-Galaxy-Douglas-Adams/dp/0345391802
Tuesdays with Morrie,Mitch Albom,English,1997,14.0,https://www.amazon.com/Tuesdays-Morrie-Young-Greatest-Lesson/dp/076790592X
God's Little Acre,Erskine Caldwell,English,1933,14.0,https://www.amazon.com/Gods-Little-Acre-Novel-Thrasher/dp/0820316636/ref=sr_1_1?dib=eyJ2IjoiMSJ9.e8RR9kdiHLzioWBoHV9SFCCmGk-hU94C_oqZpjyf0oL4NFOYFX6CWiCryb2C4eBDGG7CGUVVeGKPFWL1tYOOShONFNiiBx72AS6oMl8Gbvs0LaprcOzGQRuJznsPuyd_wRey9J2Yo_U6mKjPbZP_q85fKF-_YuXWw7wtQ1LWvEm89Ebgb5uqIJEsNp_cEGX6LqNCwTc0iEZzlFjvTfJjc-Gmk6qitoecjPy8wSO8UFY.It9u-YhCWWST4T2Jy4tEfusivcGBlJqM2fiMudq3AkU&dib_tag=se&keywords=God%27s+Little+Acre&qid=1731969807&sr=8-1
Follow Your Heart (Va' dove ti porta il cuore),Susanna Tamaro,Italian,1994,14.0,https://www.amazon.com/Dove-Porta-Cuore-Follow-Heart/dp/0979503744/ref=sr_1_1?dib=eyJ2IjoiMSJ9.6Xye4i2WP2g7VyeH8wim6Q.Y691grYQffQkX0amfwnYMsNy_vRZF_V0gdo3JcEmHN4&dib_tag=se&keywords=Follow+Your+Heart+%28Va%27+dove+ti+porta+il+cuore%29&qid=1731969826&sr=8-1
A Wrinkle in Time,Madeleine L'Engle,English,1962,14.0,https://www.amazon.com/Wrinkle-Time-Madeleine-LEngle/dp/0312367546
Long Walk to Freedom,Nelson Mandela,English,1994,14.0,https://www.amazon.com/Long-Walk-Freedom-Autobiography-Mandela/dp/0316548189
The Old Man and the Sea,Ernest Hemingway,English,1952,13.0,https://www.amazon.com/Old-Man-Sea-Ernest-Hemingway/dp/0684801221
Life After Life,Raymond Moody,English,1975,13.0,https://www.amazon.com/Life-After-Novel-Kate-Atkinson/dp/0316176494
Peyton Place ,Grace Metalious,English,1956,12.1,https://www.amazon.com/Peyton-Place-Metalious-Grace-ebook/dp/B08B9TWCPT/ref=sr_1_4?dib=eyJ2IjoiMSJ9.8LtDiw3bFAh5iQpZWIHZn6uyIssczCRlbaGrZwYlIVvt8dfr_yWY7rXcuLl_Q96yXcgOV0E6RFwVCXnAJ8xdgJG1vAO3eFpRGtFW9gmkkrU5cHtMAGQvBdvQs_ZI6Th0iccwdlb-jFgYFAcWGuqL3T4sjll6oFRWNqtnsIOulCP6ghHDqSrSaOB5pTNpSDmqshIVmtxwpAuVthaVjknVIMKnjW5Qrt2VYr9qcyDyX_U.kcCrvXKh2V4aztQu2TrVbmILV9XACF8ZaG9HfpRRPtk&dib_tag=se&keywords=Peyton+Place&qid=1731969895&sr=8-4
The Giver,Lois Lowry,English,1993,12.0,https://www.amazon.com/Giver-Lois-Lowry/dp/0544336267
Me Before You,Jojo Moyes,English,2012,12.0,https://www.amazon.com/Me-Before-You-Novel/dp/0143124544
Norwegian Wood (ノルウェイの森),Haruki Murakami,Japanese,1987,12.0,https://www.amazon.com/Norwegian-Wood-Haruki-Murakami/dp/0375704027
The Plague (La Peste),Albert Camus,French,1947,12.0,https://www.amazon.com/Plague-Albert-Camus/dp/0679720219
No Longer Human (人間失格),Osamu Dazai,Japanese,1948,12.0,https://www.amazon.com/No-Longer-Human-Osamu-Dazai/dp/0811204812
Man's Search for Meaning (Ein Psychologe erlebt das Konzentrationslager),Viktor Frankl,German,1946,12.0,https://www.amazon.com/Mans-Search-Meaning-Viktor-Frankl/dp/0807014273
The Divine Comedy (La Divina Commedia),Dante Alighieri,Italian,1304,11.5,https://www.amazon.com/Divine-Comedy-Dante-Alighieri/dp/0142437220
The Prophet,Kahlil Gibran,English,1923,11.0,https://www.amazon.com/Prophet-Kahlil-Gibran/dp/0394404289
The Boy in the Striped Pyjamas,John Boyne,English,2006,11.0,https://www.amazon.com/Boy-Striped-Pajamas-John-Boyne/dp/0385751532
The Exorcist,William Peter Blatty,English,1971,11.0,https://www.amazon.com/Exorcist-William-Peter-Blatty/dp/0061007226
The Gruffalo,Julia Donaldson,English,1999,10.5,https://www.amazon.com/Gruffalo-Julia-Donaldson/dp/0142403873
Fifty Shades Darker,E. L. James,English,2012,10.4,https://www.amazon.com/Fifty-Shades-Darker-Book-Two/dp/0345803493
Tobacco Road,Erskine Caldwell,English,1932,10.0,https://www.amazon.com/Tobacco-Road-Novel-Erskine-Caldwell-ebook/dp/B0054TB664/ref=sr_1_1?dib=eyJ2IjoiMSJ9.IUCkLDVyN0VsAU9v-9qAHCwaQOgnh8E1_jaD9kBA3qbk_7U_gckAnD2NClawCcoGw3wIR79QwEcYsrUxUxneoBxKOlk9D0G34QizOmUTlhmJ2u82SpNxe5WMoel275IiilmXt4ApMgbRSX1yCZ7tfMn0FYjIkay0Tc5yPZuaORQ1q4qoqnjlEFCXtmc5-HfHasMPFAQeYA8UMIx1rT7gZYAQwxRpE8FaBH4uk2UP9wg.fNjifH4eo88VzlQXbTBpAURrEtIT77pA7GI0uPeFgi4&dib_tag=se&keywords=Tobacco+Road&qid=1731970041&sr=8-1
"Ronia, the Robber's Daughter",Astrid Lindgren,Swedish,1981,10.0,https://www.amazon.com/Ronia-Robbers-Daughter-Astrid-Lindgren/dp/0140317201
The Cat in the Hat,Dr. Seuss,English,1957,10.5,https://www.amazon.com/Cat-Hat-Dr-Seuss/dp/039480001X
Diana: Her True Story,Andrew Morton,English,1992,10.0,https://www.amazon.com/Diana-Her-True-Story-Own/dp/0671024124
The Help,Kathryn Stockett,English,2009,10.0,https://www.amazon.com/Help-Kathryn-Stockett/dp/0425232204
Catch-22,Joseph Heller,English,1961,10.0,https://www.amazon.com/Catch-22-Joseph-Heller/dp/1451626657
The Stranger (L'Étranger),Albert Camus,French,1942,10.0,https://www.amazon.com/Stranger-Albert-Camus/dp/0679420266
Eye of the Needle,Ken Follett,English,1978,10.0,https://www.amazon.com/Eye-Needle-Novel/dp/B08PG5XYWR/ref=sr_1_1?dib=eyJ2IjoiMSJ9.J3-m2m8Vpk2fnH8pIF8qY2kXbKfIUrV5JWlPdZxYC8ywl3s6OWQTmB9P9CeoLH8OZMDbU_21_caK832njLp2TZ2I7eH1p9MjrquGWbYkEveW8mV_9_W5N_RRbyfKXm94-CfJca7YyCpgu3NJ_Th0mEbRMXsLF7CnreCajPLMvP5NPEyo4tD0BqrQHwQm2I1pJ8vXjJPoj_96xHbkJFuf7PijzLNW5_VA-8JD3vgtVxY.o5MVdNuSsCWfnquvYI4PF3bnDjSDTCvJv_LgqBELPN0&dib_tag=se&keywords=Eye+of+the+Needle&qid=1731970128&sr=8-1
The Lovely Bones,Alice Sebold,English,2002,10.0,https://www.amazon.com/Lovely-Bones-Novel-Alice-Sebold/dp/0316044938
Wild Swans,Jung Chang,English,1992,10.0,https://www.amazon.com/Wild-Swans-Three-Daughters-China/dp/0743246985
Santa Evita,Tomás Eloy Martínez,Spanish,1995,10.0,https://www.amazon.com/Santa-Evita-Tomas-Eloy-Martinez/dp/0679768149/ref=sr_1_1?dib=eyJ2IjoiMSJ9._5xDKaOyAD62nhDwtU0jZObUTMrf0k0jQJpUCdlaqbw_n_ZYuG12DCLcEuF515X8IgwF3gO0d7pH2Mr3MNpomuOvvKmOYDcuYSYlKKZynwW_KlCSyOlpzB4x8NQQPB-5F7I9WZ3SDK9tLNDiRAvoQ4s3hfEFQ31-uMOyE8dUR8j--6gsCqYRMqoYjRz1F-MIjYOYGas1xxQYHJTJLAiF9uxZfCc2rmu0sm1OJv_u1mI.TSHBIYotXoWT2bwXF5g2aGL9eTrbLcRZj7w1jtx3oIk&dib_tag=se&keywords=Santa+Evita&qid=1731970162&sr=8-1
Night (Un di Velt Hot Geshvign),Elie Wiesel,Yiddish,1958,10.0,https://www.amazon.com/Night-Elie-Wiesel/dp/0374500010
Confucius from the Heart (于丹《论语》心得),Yu Dan,Chinese,2006,10.0,https://www.amazon.com/Confucius-Heart-Yu-Dan/dp/1529045843/ref=sr_1_1?dib=eyJ2IjoiMSJ9.ReD_KTYAtuvlMJKpZQ4UZm_TiBmwWcFwTi1Hf6VDC8PIlt34Fz8gbP4H1tO-Tj1QF-uTA-_OlltMeUcARU2kkOxicekhh1clK0biGfKcQw0ILWnf2HGkLXy6k1NRk-FTJIUUbhsIFouZ-KVIKrsXYyESt5il8CX-mIj5TA1EAxg.wUfbgbCm6W_ij2sWmAcShKyJNQ-q6HovgFikzdqBqLE&dib_tag=se&keywords=Confucius+from+the+Heart&qid=1731970189&sr=8-1
The Total Woman,Marabel Morgan,English,1974,10.0,https://www.amazon.com/Total-Woman-Marabel-Morgan/dp/0671732110/ref=sr_1_1?dib=eyJ2IjoiMSJ9.QoW35si5I23roRl8tVuObRp0tDvAHygN4ruuDeGkt_wfsWHL53-HvvVkvq2h4-pl2SQEBwzDVmy52wMuC59paxfgqKa0fY8Tr9LXKgtvcIKju73B3ipwQWYd1gfyIXeeM6D_H_NB1bVlcahkCTXQvmahYZdkhMGTIPlO_O0noZ3LqQoVVUFR-tsHbcMaieBTr-7uR4bczvBviigCA8cn5Iztbwk6jk43OI5VqyvhgbQ.yvWiKUmbtbufrmvts13hwEGj2t2pb2ME5SFXive_WSw&dib_tag=se&keywords=The+Total+Woman&qid=1731970209&sr=8-1
Knowledge-value Revolution (知価革命),Taichi Sakaiya,Japanese,1985,10.0,https://www.amazon.com/Knowledge-Value-Revolution-Japanese-Prosperity/dp/1568360002
What Color Is Your Parachute?,Richard Nelson Bolles,English,1970,10.0,https://www.amazon.com/What-Color-Your-Parachute-2022/dp/198485786X
The Dukan Diet,Pierre Dukan,French,2000,10.0,https://www.amazon.com/Dukan-Diet-2-Steps-Permanent-Weight/dp/0307887960
The Joy of Sex,Alex Comfort,English,1972,10.0,https://www.amazon.com/Joy-Sex-Revised-Completely-Updated/dp/1400046149/ref=sr_1_1?dib=eyJ2IjoiMSJ9.IjtopcdAJULkp4Sf3Tz5CEWLvnQZBstJ_-HfhMRDDhKu89dxVTPmi0_R6dyA1YhNhhxS3juwNfQpfaH1bmvln1C5bIk32i-mZnCgv6yydsltQRA2siVI8fsv1f3BZcMgPJpQ8dE81XbzL2_BAR4F9gBNlzcB_Z9VefjShUwK0y4BFpqPPgmX5bhSnZI8ujJypoIeA5xhozgbcn7KWO589ca__Sm7W_bX_YY24KJ-0kxvzfqjFOiIWVRpRox8VODZyNPW0V9BAB2hy8CQE65rUH8HloHzlXIjRvXAxgxffPE.GA-FuqZH4PfgsRSTw1z6H6aOCgK8eHZyUUzpc49VLJE&dib_tag=se&keywords=The+Joy+of+Sex&qid=1731970294&sr=8-1
The Gospel According to Peanuts,Robert L. Short,English,1965,10.0,https://www.amazon.com/Gospel-According-Peanuts-Robert-Short/dp/0664222226
The Subtle Art of Not Giving a Fuck,Mark Manson,English,2016,10.0,https://www.amazon.com/Subtle-Art-Not-Giving-Counterintuitive/dp/0062457713
Life of Pi,Yann Martel,English,2001,10.0,https://www.amazon.com/Life-Pi-Yann-Martel/dp/0156027321
The Front Runner,Patricia Nell Warren,English,1974,10.0,https://www.amazon.com/Front-Runner-Patricia-Nell-Warren/dp/0964109964
The Goal,Eliyahu M. Goldratt,English,1984,10.0,https://www.amazon.com/Goal-Process-Ongoing-Improvement/dp/0884271951
Fahrenheit 451,Ray Bradbury,English,1953,10.0,https://www.amazon.com/Fahrenheit-451-Ray-Bradbury/dp/1451673310
Angela's Ashes,Frank McCourt,English,1996,10.0,https://www.amazon.com/Angelas-Ashes-Memoir-Frank-McCourt/dp/068484267X
The Story of My Experiments with Truth (સત્યના પ્રયોગો અથવા આત્મકથા),Mohandas Karamchand Gandhi,Gujarati,1929,10.0,https://www.amazon.com/Story-Experiments-Truth-Autobiography/dp/0486245934
Bridget Jones's Diary,Helen Fielding,English,1996,10.0,https://www.amazon.com/Bridget-Joness-Diary-Helen-Fielding/dp/014028009X
